Client,OrderId,OrderNumber,ExternalOrderReference,OrderDate,DespatchDate,Country,Source,PackingNotes,DeliveryDate,OrderStatus,NumberOfParcels,TotalItems,TotalWeight,OrderValue,Part,NumberOfParts,CourierServiceType,CourierService,TrackingNumber,Warehouse,Channel,OrderItems,Tags,RequiredDespatchDate
Wild (WLD),8998717,FF4971805,#5874194,01/06/2026 22:41:47,,FRANCE,API,,,ONBACKORDER,1,4,0.348,13.78,1,1,International - Standard,Spring - UNTRACKED DDU,,Airbox NL,API,WCR86:Deodorant Refill: Sandalwood & Patchouli  [B02]:1;WCC2331:Deodorant Case: Pastel Pink  [PF]:1;WCLR619:Lip Balm Refill: Original  [D07]:1;WCLC864:Lip Balm Case: Rose  [0]:1;,Multi Tote (60),26/05/2026 00:00:00
Wild (WLD),9265022,FF5165418,7000163132,22/06/2026 17:04:56,,GERMANY,API,,25/06/2026 00:00:00,ONBACKORDER,1,1188,373.960,33704.32,1,1,Standard,(Manual Invoice) Pallet Delivery - Mainfreight,,Airbox NL,API,WSRPDE316V2:Deodorant Refill Pack SRP: DE Fresh Cotton & Sea Salt (Version II)  [0]:240;WSRPDE318V2:Deodorant Refill Pack SRP: DE Coconut & Vanilla Dreams (Version II):180;WSRPDE794V2:Deodorant Refill Pack SRP: DE Cherry Blossom (Version II) [0]:120;WSRP1601:Lip Balm Refill SRP: DE Manuka Honey:76;WSRP1569:Lip Balm Starter Pack SRP: DE Bee + Honey [0]:76;WSRP3937:AP Roll On Starter SRP: DE Love Heart + Amber & Oud:68;WSRP3903:GERMAN - AP Roll On Refill: Fresh Cotton  [0]:68;WSRP1415:Mini Deodorant SRP: DE Cherry Blossom  [0]:72;WSRP2795:Mini Deodorant SRP: EN Honey & Cactus:288;,,25/06/2026 00:00:00
Wild (WLD),9301148,FF5052771-Copy,WSOS281204-Copy,25/06/2026 11:28:38,,FRANCE,API,,,ONBACKORDER,1,120,4.410,120.00,1,1,Standard,Skynet - EParcel,,Airbox NL,API,WCLC1053:Lip Balm Case: Ombre  [A15]:30;WCC06:Deodorant Case: Aqua  [F08]:30;WCR24:Deodorant Refill: Fresh Cotton & Sea Salt  [B05]:30;WCLRSPF620:Lip Balm Refill: SPF Peach & Mango  [A20]:30;,P1,04/06/2026 00:00:00
Wild (WLD),9303666,FF5167277,WSOS283574,25/06/2026 14:34:41,,FRANCE,API,,,ONBACKORDER,1,5,0.237,5.00,1,1,Standard,Skynet - EParcel,,Airbox NL,API,WCROC06:Roll On Case: Aqua  [F13]:1;WCROA24:Roll On AP: Cotton & Seasalt   [C07]:1;WCLRSPF620:Lip Balm Refill: SPF Peach & Mango  [A20]:1;WCROA3776: AP Roll on Refill: Enchanted Bloom  [0]:1;WCLC1284:Lip Balm Case: Black Love Heart  [0]:1;,,17/06/2026 00:00:00
Wild (WLD),9304643,FF5223221,WSOS284159,25/06/2026 16:08:49,,FRANCE,API,,,ONBACKORDER,1,14,0.697,14.00,1,1,Standard,Skynet - EParcel,,Airbox NL,API,WCPUMP984:Body Wash Pump: EBW Bees  [E07]:1;WCSGALU984:Body Wash Case: EBW Bees (1.0)  [E07]:1;WCC3775:Deodorant Case: Disney Mickey  [F07]:1;WCC3774:Deodorant Case: Disney Stitch  [F09]:1;WCR24:Deodorant Refill: Fresh Cotton & Sea Salt  [B05]:1;WCLRSPF620:Lip Balm Refill: SPF Peach & Mango  [A20]:1;WCR02:Deodorant Refill: Coconut & Vanilla Dreams [B04]:1;WMIN24:Mini Deodorant: Fresh Cotton & Sea Salt  [0]:1;WCROA24:Roll On AP: Cotton & Seasalt   [C07]:1;WCR549:Deodorant Refill: Cherry Blossom  [B01]:1;WCC3773:Deodorant Case: Disney Princess  [F05]:1;WCLC1053:Lip Balm Case: Ombre  [A15]:1;WCROA86:Roll On AP: Cedar & Sandalwood  [A12]:1;WCROC06:Roll On Case: Aqua  [F13]:1;,,24/06/2026 00:00:00
Wild (WLD),9305199,FF5233972,WSOS283573,25/06/2026 17:05:39,,GERMANY,API,,,ONBACKORDER,1,5,0.237,5.00,1,1,Standard,Skynet - EParcel,,Airbox NL,API,WCLC747:Lip Balm Case: Bee  [0]:1;WCROC06:Roll On Case: Aqua  [F13]:1;WCROA24:Roll On AP: Cotton & Seasalt   [C07]:1;WCLRSPF620:Lip Balm Refill: SPF Peach & Mango  [A20]:1;WCROA3776: AP Roll on Refill: Enchanted Bloom  [0]:1;,,25/06/2026 00:00:00
Wild (WLD),9305200,FF5233979,WSOS283572,25/06/2026 17:05:42,,BELGIUM,API,,,ONBACKORDER,1,5,0.237,5.00,1,1,Standard,Skynet - EParcel,,Airbox NL,API,WCLC747:Lip Balm Case: Bee  [0]:1;WCROC06:Roll On Case: Aqua  [F13]:1;WCROA24:Roll On AP: Cotton & Seasalt   [C07]:1;WCLRSPF620:Lip Balm Refill: SPF Peach & Mango  [A20]:1;WCROA3776: AP Roll on Refill: Enchanted Bloom  [0]:1;,,25/06/2026 00:00:00
Wild (WLD),9305202,FF5233983,WSOS283571,25/06/2026 17:05:44,,FRANCE,API,,,ONBACKORDER,1,5,0.237,5.00,1,1,Standard,Skynet - EParcel,,Airbox NL,API,WCLC747:Lip Balm Case: Bee  [0]:1;WCROC06:Roll On Case: Aqua  [F13]:1;WCROA24:Roll On AP: Cotton & Seasalt   [C07]:1;WCLRSPF620:Lip Balm Refill: SPF Peach & Mango  [A20]:1;WCROA3776: AP Roll on Refill: Enchanted Bloom  [0]:1;,,25/06/2026 00:00:00
Wild (WLD),9305203,FF5233987,WSOS283570,25/06/2026 17:05:45,,ITALY,API,,,ONBACKORDER,1,5,0.237,5.00,1,1,Standard,Skynet - EParcel,,Airbox NL,API,WCLC747:Lip Balm Case: Bee  [0]:1;WCROC06:Roll On Case: Aqua  [F13]:1;WCROA24:Roll On AP: Cotton & Seasalt   [C07]:1;WCLRSPF620:Lip Balm Refill: SPF Peach & Mango  [A20]:1;WCROA3776: AP Roll on Refill: Enchanted Bloom  [0]:1;,,25/06/2026 00:00:00
Wild (WLD),9305208,FF5233989,WSOS283569,25/06/2026 17:05:50,,GERMANY,API,,,ONBACKORDER,1,5,0.237,5.00,1,1,Standard,Skynet - EParcel,,Airbox NL,API,WCLC747:Lip Balm Case: Bee  [0]:1;WCROA24:Roll On AP: Cotton & Seasalt   [C07]:1;WCROC06:Roll On Case: Aqua  [F13]:1;WCLRSPF620:Lip Balm Refill: SPF Peach & Mango  [A20]:1;WCROA3776: AP Roll on Refill: Enchanted Bloom  [0]:1;,,25/06/2026 00:00:00
Wild (WLD),9305213,FF5234005,WSOS283566,25/06/2026 17:05:55,,BELGIUM,API,,,ONBACKORDER,1,5,0.237,5.00,1,1,Standard,Skynet - EParcel,,Airbox NL,API,WCLC747:Lip Balm Case: Bee  [0]:1;WCROC06:Roll On Case: Aqua  [F13]:1;WCROA24:Roll On AP: Cotton & Seasalt   [C07]:1;WCLRSPF620:Lip Balm Refill: SPF Peach & Mango  [A20]:1;WCROA3776: AP Roll on Refill: Enchanted Bloom  [0]:1;,,25/06/2026 00:00:00
Wild (WLD),9309559,FF5041414,WSOS279817,26/06/2026 00:06:41,,ITALY,API,,,ONBACKORDER,1,2,0.135,2.00,1,1,Standard,Skynet - EParcel,,Airbox NL,API,WCROC20:Roll On Case: Purple  [PF]:1;WCRO24:Roll On Refill: Fresh Cotton & Sea Salt [0]:1;,P1,03/06/2026 00:00:00
Wild (WLD),9309619,FF5053639,WCS36019,26/06/2026 00:07:04,,BELGIUM,API,,,ONBACKORDER,1,14,0.735,14.00,1,1,Standard,Skynet - EParcel,,Airbox NL,API,WCROA608:Roll On AP: Amber & Oud  [A27]:2;W_ENGRAVED_ROLL:Engraving: Roll On (04)  [0]:1;W_ENGRAVED_ROLL:Engraving: Roll On (04)  [0]:1;WCROC06:Roll On Case: Aqua  [F13]:1;WCROC20:Roll On Case: Purple  [PF]:1;WCROA507:Roll On AP: Thunderstorm  [E03]:2;WCROA549:Roll On AP: Cherry Blossom  [C08]:2;WCR24:Deodorant Refill: Fresh Cotton & Sea Salt  [B05]:1;WCR507:Deodorant Refill: Thunderstorm  [B03]:1;WCR3208:Deodorant Refill: Wild Seduction  [C02]:1;WCR3805:Deodorant Refill: Morning Meadow  [C09]:1;,P1 - Engraving,04/06/2026 00:00:00
Wild (WLD),9309656,FF5082519,WCS36158,26/06/2026 00:07:21,,FRANCE,API,,,ONBACKORDER,1,3,0.205,3.00,1,1,Standard,Skynet - EParcel,,Airbox NL,API,WCROC20:Roll On Case: Purple  [PF]:1;WCROA3207:Roll On AP: Cotton Cloud  [C16]:1;WCROA549:Roll On AP: Cherry Blossom  [C08]:1;,P1,08/06/2026 00:00:00
Wild (WLD),9309664,FF5082559,WCS36123,26/06/2026 00:07:23,,ITALY,API,,,ONBACKORDER,1,2,0.075,2.00,1,1,Standard,Skynet - EParcel,,Airbox NL,API,W_ENGRAVED_ROLL:Engraving: Roll On (04)  [0]:1;WCROC20:Roll On Case: Purple  [PF]:1;,P1 - Engraving,08/06/2026 00:00:00
Wild (WLD),9309667,FF5091994,2862826,26/06/2026 00:07:24,,FRANCE,API,,,ONBACKORDER,1,5,0.266,5.80,1,1,Standard,Skynet - EParcel,,Airbox NL,API,WMIN549:Mini Deodorant: Cherry Blossom  [A25]:1;WCR549:Deodorant Refill: Cherry Blossom  [B01]:1;WCC3129:Deodorant Case: Valentine's Day Hearts [PF]:1;WCROC20:Roll On Case: Purple  [PF]:1;WCROA549:Roll On AP: Cherry Blossom  [C08]:1;,PPD - Small Green [PF],09/06/2026 00:00:00
Wild (WLD),9309671,FF5093357,WCS36235,26/06/2026 00:07:25,,FRANCE,API,,,ONBACKORDER,1,2,0.135,2.00,1,1,Standard,Skynet - EParcel,,Airbox NL,API,WCROC20:Roll On Case: Purple  [PF]:1;WCROA549:Roll On AP: Cherry Blossom  [C08]:1;,P1,09/06/2026 00:00:00
Wild (WLD),9309674,FF5093359,WCS36233,26/06/2026 00:07:27,,AUSTRIA,API,,,ONBACKORDER,1,2,0.130,2.00,1,1,Standard,Skynet - EParcel,,Airbox NL,API,WCROC20:Roll On Case: Purple  [PF]:1;WCROC06:Roll On Case: Aqua  [F13]:1;,P1,09/06/2026 00:00:00
Wild (WLD),9309694,FF5102560,2818601R,26/06/2026 00:07:35,,FRANCE,API,,,ONBACKORDER,1,5,0.345,5.80,1,1,Standard,Skynet - EParcel,,Airbox NL,API,WCC06:Deodorant Case: Aqua  [F08]:1;WCROC20:Roll On Case: Purple  [PF]:1;WCROA24:Roll On AP: Cotton & Seasalt   [C07]:1;WCROA549:Roll On AP: Cherry Blossom  [C08]:1;WCROA02:Roll On AP: Coconut & Vanilla   [C04]:1;,PPD - Small Green [PF],10/06/2026 00:00:00
Wild (WLD),9309702,FF5102729,2817182R,26/06/2026 00:07:38,,FRANCE,API,,,ONBACKORDER,1,4,0.254,4.64,1,1,Standard,Skynet - EParcel,,Airbox NL,API,WCRO549:Roll On Refill: Cherry Blossom   [C15]:1;WCROC20:Roll On Case: Purple  [PF]:1;WCR549:Deodorant Refill: Cherry Blossom  [B01]:1;WCC2332:Deodorant Case: Pastel Blue  [PF]:1;,PPD - Small Green [PF],10/06/2026 00:00:00
Wild (WLD),9309796,FF5104545,WSOS281596,26/06/2026 00:08:18,,FRANCE,API,,,ONBACKORDER,1,3,0.205,3.00,1,1,Standard,Skynet - EParcel,,Airbox NL,API,WCROC20:Roll On Case: Purple  [PF]:1;WCROA24:Roll On AP: Cotton & Seasalt   [C07]:1;WCROA02:Roll On AP: Coconut & Vanilla   [C04]:1;,P1,10/06/2026 00:00:00
Wild (WLD),9309800,FF5104547,WSOS281595,26/06/2026 00:08:19,,FRANCE,API,,,ONBACKORDER,1,3,0.205,3.00,1,1,Standard,Skynet - EParcel,,Airbox NL,API,WCROC20:Roll On Case: Purple  [PF]:1;WCROA24:Roll On AP: Cotton & Seasalt   [C07]:1;WCROA02:Roll On AP: Coconut & Vanilla   [C04]:1;,P1,10/06/2026 00:00:00
Wild (WLD),9309803,FF5104550,WSOS281593,26/06/2026 00:08:21,,FRANCE,API,,,ONBACKORDER,1,3,0.205,3.00,1,1,Standard,Skynet - EParcel,,Airbox NL,API,WCROC20:Roll On Case: Purple  [PF]:1;WCROA24:Roll On AP: Cotton & Seasalt   [C07]:1;WCROA02:Roll On AP: Coconut & Vanilla   [C04]:1;,P1,10/06/2026 00:00:00
Wild (WLD),9309805,FF5104551,WSOS281592,26/06/2026 00:08:23,,FRANCE,API,,,ONBACKORDER,1,3,0.205,3.00,1,1,Standard,Skynet - EParcel,,Airbox NL,API,WCROC20:Roll On Case: Purple  [PF]:1;WCROA24:Roll On AP: Cotton & Seasalt   [C07]:1;WCROA02:Roll On AP: Coconut & Vanilla   [C04]:1;,P1,10/06/2026 00:00:00
Wild (WLD),9309809,FF5104552,WSOS281591,26/06/2026 00:08:24,,FRANCE,API,,,ONBACKORDER,1,3,0.205,3.00,1,1,Standard,Skynet - EParcel,,Airbox NL,API,WCROC20:Roll On Case: Purple  [PF]:1;WCROA24:Roll On AP: Cotton & Seasalt   [C07]:1;WCROA02:Roll On AP: Coconut & Vanilla   [C04]:1;,P1,10/06/2026 00:00:00
Wild (WLD),9309812,FF5104556,WSOS281589,26/06/2026 00:08:26,,FRANCE,API,,,ONBACKORDER,1,3,0.205,3.00,1,1,Standard,Skynet - EParcel,,Airbox NL,API,WCROC20:Roll On Case: Purple  [PF]:1;WCROA24:Roll On AP: Cotton & Seasalt   [C07]:1;WCROA02:Roll On AP: Coconut & Vanilla   [C04]:1;,P1,10/06/2026 00:00:00
Wild (WLD),9309818,FF5104557,WSOS281588,26/06/2026 00:08:29,,FRANCE,API,,,ONBACKORDER,1,3,0.205,3.00,1,1,Standard,Skynet - EParcel,,Airbox NL,API,WCROC20:Roll On Case: Purple  [PF]:1;WCROA24:Roll On AP: Cotton & Seasalt   [C07]:1;WCROA02:Roll On AP: Coconut & Vanilla   [C04]:1;,P1,10/06/2026 00:00:00
Wild (WLD),9309820,FF5104561,WSOS281586,26/06/2026 00:08:30,,FRANCE,API,,,ONBACKORDER,1,3,0.205,3.00,1,1,Standard,(Manual Invoice) Manual DHL Express (ECX) - NL,,Airbox NL,API,WCROC20:Roll On Case: Purple  [PF]:1;WCROA24:Roll On AP: Cotton & Seasalt   [C07]:1;WCROA02:Roll On AP: Coconut & Vanilla   [C04]:1;,P1,10/06/2026 00:00:00
Wild (WLD),9310051,FF5104726,WSOS281715,26/06/2026 00:10:02,,BELGIUM,API,,,ONBACKORDER,1,6,0.282,6.00,1,1,Standard,Skynet - EParcel,,Airbox NL,API,WCC3773:Deodorant Case: Disney Princess  [F05]:1;WCR794:Deodorant Refill: Honey & Cactus Flower  [C14]:1;WCROC20:Roll On Case: Purple  [PF]:1;WCROA24:Roll On AP: Cotton & Seasalt   [C07]:1;WCLC747:Lip Balm Case: Bee  [0]:1;WCLR02V2:Coconut & Vanilla Lip Balm Refill V2  [0]:1;,P1,10/06/2026 00:00:00
Wild (WLD),9310268,FF5105784,WCS36266,26/06/2026 00:12:01,,FRANCE,API,,,ONBACKORDER,1,3,0.213,3.00,1,1,Standard,Skynet - EParcel,,Airbox NL,API,WCROC20:Roll On Case: Purple  [PF]:1;WCRO02:Roll On Refill: Coconut & Vanilla  [C10]:1;WCRO549:Roll On Refill: Cherry Blossom   [C15]:1;,P1,10/06/2026 00:00:00
Wild (WLD),9310270,FF5105855,WCS36274,26/06/2026 00:12:02,,FRANCE,API,,,ONBACKORDER,1,4,0.165,4.00,1,1,Standard,Skynet - EParcel,,Airbox NL,API,WCROC20:Roll On Case: Purple  [PF]:1;W_ENGRAVED_ROLL:Engraving: Roll On (04)  [0]:1;WMIN24:Mini Deodorant: Fresh Cotton & Sea Salt  [0]:1;WCRO02:Roll On Refill: Coconut & Vanilla  [C10]:1;,P1 - Engraving,10/06/2026 00:00:00
Wild (WLD),9310273,FF5108367,WSOS282001,26/06/2026 00:12:04,,NETHERLANDS,API,,,ONBACKORDER,1,8,0.427,8.00,1,1,Standard,Skynet - EParcel,,Airbox NL,API,WSOAPE966:Exfoliating Soap: Honey and Almond  [0]:1;WCR549:Deodorant Refill: Cherry Blossom  [B01]:1;WCR24:Deodorant Refill: Fresh Cotton & Sea Salt  [B05]:1;WCC747:Deodorant Case: EB Bees  [F01]:1;WCROC20:Roll On Case: Purple  [PF]:1;WCROA86:Roll On AP: Cedar & Sandalwood  [A12]:1;WCLC1284:Lip Balm Case: Black Love Heart  [0]:1;WCLR02V2:Coconut & Vanilla Lip Balm Refill V2  [0]:1;,P1,10/06/2026 00:00:00
Wild (WLD),9310274,FF5121367,2871826,26/06/2026 00:12:05,,GERMANY,API,,,ONBACKORDER,1,2,0.135,2.32,1,1,Standard,Skynet - EParcel,,Airbox NL,API,WCROA24:Roll On AP: Cotton & Seasalt   [C07]:1;WCROC20:Roll On Case: Purple  [PF]:1;,PPD - Small Green [PF],12/06/2026 00:00:00
Wild (WLD),9310275,FF5123723,WCS36393,26/06/2026 00:12:06,,NETHERLANDS,API,,,ONBACKORDER,1,1,0.065,1.00,1,1,Standard,Skynet - EParcel,,Airbox NL,API,WCROC20:Roll On Case: Purple  [PF]:1;,P1,12/06/2026 00:00:00
Wild (WLD),9310277,FF5123745,WCS36373,26/06/2026 00:12:07,,GERMANY,API,,,ONBACKORDER,1,2,0.075,2.00,1,1,Standard,Skynet - EParcel,,Airbox NL,API,W_ENGRAVED_ROLL:Engraving: Roll On (04)  [0]:1;WCROC20:Roll On Case: Purple  [PF]:1;,P1 - Engraving,12/06/2026 00:00:00
Wild (WLD),9310281,FF5130292,WSOS282631,26/06/2026 00:12:10,,FRANCE,API,,,ONBACKORDER,1,7,0.382,7.00,1,1,Standard,Skynet - EParcel,,Airbox NL,API,WSOAPE1244:Exfoliating Soap: French Lavender  [0]:1;WCC20:Deodorant Case: Purple  [PF]:1;WCR24:Deodorant Refill: Fresh Cotton & Sea Salt  [B05]:1;WCLRSPF620:Lip Balm Refill: SPF Peach & Mango  [A20]:1;WCLC1053:Lip Balm Case: Ombre  [A15]:1;WCROC20:Roll On Case: Purple  [PF]:1;WCROA24:Roll On AP: Cotton & Seasalt   [C07]:1;,,13/06/2026 00:00:00
Wild (WLD),9310283,FF5130293,WSOS282630,26/06/2026 00:12:11,,FRANCE,API,,,ONBACKORDER,1,7,0.382,7.00,1,1,Standard,Skynet - EParcel,,Airbox NL,API,WCLC1053:Lip Balm Case: Ombre  [A15]:1;WSOAPE1244:Exfoliating Soap: French Lavender  [0]:1;WCC06:Deodorant Case: Aqua  [F08]:1;WCROC20:Roll On Case: Purple  [PF]:1;WCROA24:Roll On AP: Cotton & Seasalt   [C07]:1;WCLRSPF620:Lip Balm Refill: SPF Peach & Mango  [A20]:1;WCR24:Deodorant Refill: Fresh Cotton & Sea Salt  [B05]:1;,,13/06/2026 00:00:00
Wild (WLD),9310285,FF5151716,WSOS282659,26/06/2026 00:12:13,,BELGIUM,API,,,ONBACKORDER,1,7,0.382,7.00,1,1,Standard,Skynet - EParcel,,Airbox NL,API,WCC3295:Deodorant Case: EBW Ladybird  [F06]:1;WSOAPE1244:Exfoliating Soap: French Lavender  [0]:1;WCROA24:Roll On AP: Cotton & Seasalt   [C07]:1;WCLC1053:Lip Balm Case: Ombre  [A15]:1;WCLRSPF620:Lip Balm Refill: SPF Peach & Mango  [A20]:1;WCR24:Deodorant Refill: Fresh Cotton & Sea Salt  [B05]:1;WCROC20:Roll On Case: Purple  [PF]:1;,,16/06/2026 00:00:00
Wild (WLD),9310287,FF5151723,WSOS282656,26/06/2026 00:12:14,,NETHERLANDS,API,,,ONBACKORDER,1,7,0.382,7.00,1,1,Standard,Skynet - EParcel,,Airbox NL,API,WSOAPE1244:Exfoliating Soap: French Lavender  [0]:1;WCR24:Deodorant Refill: Fresh Cotton & Sea Salt  [B05]:1;WCROA24:Roll On AP: Cotton & Seasalt   [C07]:1;WCLRSPF620:Lip Balm Refill: SPF Peach & Mango  [A20]:1;WCC06:Deodorant Case: Aqua  [F08]:1;WCLC1053:Lip Balm Case: Ombre  [A15]:1;WCROC20:Roll On Case: Purple  [PF]:1;,,16/06/2026 00:00:00
Wild (WLD),9310289,FF5151799,WSOS283104,26/06/2026 00:12:16,,FRANCE,API,,,ONBACKORDER,1,19,1.421,19.00,1,1,Standard,Spring - TRACKED DDU,,Airbox NL,API,WCR3661:Deo Refill: Sweet Pear & Nectar  [0]:1;WCBWCP3657:Body Wash Case: LSF Rosa Beaux:1;WCLR3667:Lip Balm Refill: Hibiscus & Coconut  [0]:1;WCLR3661:Lip Balm Refill: Sweet Pear & Nectar  [0]:1;WCLC3657:Lip Balm Case: LSF Rosa Beaux  [0]:1;WCR3667:Deo Refill: Hibiscus & Coconut  [0]:1;WCLC3660:Lip Balm Case: LSF Sunrise Patchwork  [0]:1;WCC3660:Deo Case: LSF Sunrise Patchwork  [0]:1;WCC3657:Deo Case: LSF Rosa Beaux  [0]:1;WCBWR3658:Body Wash Refill: Brown Sugar & Vanilla  [0]:1;WCLC3666:Lip Balm Case: LSF Everblooming Rosettes  [0]:1;WCBWR3667:Body Wash Refill: Hibiscus & Coconut  [0]:1;WCC3666:Deo Case: LSF Everblooming Rosettes  [0]:1;WCBWCP3666:Body Wash Case: LSF Everblooming Rosettes:1;WCLR3658:Lip Balm Refill: Brown Sugar & Vanilla  [0]:1;WCROC20:Roll On Case: Purple  [PF]:1;WMIN03:Mini Deodorant: Jasmine & Mandarin Blossom  [0]:1;WCROA02:Roll On AP: Coconut & Vanilla   [C04]:1;WCROA24:Roll On AP: Cotton & Seasalt   [C07]:1;,P1,16/06/2026 00:00:00
Wild (WLD),9310298,FF5155687,WSOS283287,26/06/2026 00:12:27,,FRANCE,API,,,ONBACKORDER,1,15,1.170,15.00,1,1,Standard,Skynet - EParcel,,Airbox NL,API,WCROC3775:Roll On Case: Disney Mickey  [F11]:1;WCC3774:Deodorant Case: Disney Stitch  [F09]:1;WCC3773:Deodorant Case: Disney Princess  [F05]:1;WCR1055:Deodorant Refill: Tropical Jungle  [0]:1;WCR3776: Enchanted Bloom Deodorant Stick Refill  [A01]:1;WCC3775:Deodorant Case: Disney Mickey  [F07]:1;WCR3805:Deodorant Refill: Morning Meadow  [C09]:1;WCR24:Deodorant Refill: Fresh Cotton & Sea Salt  [B05]:1;WCROA3776: AP Roll on Refill: Enchanted Bloom  [0]:1;WCROA966:Roll On AP: Honey & Cactus  [0]:1;WCBWMIN1012:Body Wash MinI: Santorini Sunset  [E17]:1;WCLC1053:Lip Balm Case: Ombre  [A15]:1;WCLRSPF620:Lip Balm Refill: SPF Peach & Mango  [A20]:1;WCBWC865:Body Wash Case: Ivory (2.0)  [E30]:1;WCHWR966:Hand Wash Refill: Honey & Almond  [E12]:1;,,16/06/2026 00:00:00
Wild (WLD),9310346,FF5191360,2889308,26/06/2026 00:13:03,,AUSTRIA,API,,,ONBACKORDER,1,6,1.260,30.91,1,1,Standard,Spring - UNTRACKED DDU,,Airbox NL,API,WCLR619V2:Original Lip Balm Refill V2  [0]:1;WCLRSPF620:Lip Balm Refill: SPF Peach & Mango  [A20]:1;WCLR966V2:Lip Balm Refill: Honey V2  [0]:1;WCBWR608:Body Wash Refill: Oud & Amber (300ml)  [E21]:1;WCBWR24:Body Wash Refill: Fresh Cotton (300ml)  [E01]:1;WCBWR1963:Body Wash Refill: Spa Daydreams (300ml) [E06]:1;,,20/06/2026 00:00:00
Wild (WLD),9311059,FF5238892,#5955353,26/06/2026 02:22:47,,UNITED KINGDOM,API,,,ONBACKORDER,1,4,0.170,17.32,1,1,Standard,RM Tracked COD Large Letter 0-1kg,,Airbox 18,API,WCRS1894:Sensitive Deodorant Refill: Cola  [0]:1;WCR507:Deodorant Refill: Thunderstorm  [B03]:1;WCR1688:Deodorant Refill: Alice's Secret Garden  [0]:1;WCR1283:Deodorant Refill: Juicy Mango  [C12]:1;,,26/06/2026 00:00:00
Wild (WLD),9311097,FF5237715,#5954197,26/06/2026 02:23:02,,UNITED KINGDOM,API,,,ONBACKORDER,1,3,0.135,12.45,1,1,Standard,RM Tracked COD Large Letter 0-1kg,,Airbox 18,API,WCR1688:Deodorant Refill: Alice's Secret Garden  [0]:1;WCRS962:Sensitive Deodorant Refill: Linen & Lilac  [0]:1;WCR1283:Deodorant Refill: Juicy Mango  [C12]:1;,,26/06/2026 00:00:00
Wild (WLD),9311429,FF5238032,#5954491,26/06/2026 02:24:49,,UNITED KINGDOM,API,,,ONBACKORDER,1,5,0.166,15.91,1,1,Standard,RM Tracked COD Large Letter 0-1kg,,Airbox 18,API,WCR24:Deodorant Refill: Fresh Cotton & Sea Salt  [B05]:1;WCR549:Deodorant Refill: Cherry Blossom  [B01]:1;WCR3777:Deodorant Refill: Island Paradise  [A19]:1;WMIN348:Mini Deodorant: Mint & Aloe Vera  [0]:1;WMIN1261:Mini Deodorant: Calm [0]:1;,,26/06/2026 00:00:00
Wild (WLD),9316288,FF5242286,2900838,26/06/2026 10:37:17,,IRELAND,API,,,ONBACKORDER,1,2,0.140,2.32,1,1,Standard,Whistl - Ireland Standard (IOSS),,Airbox 18,API,WCC1838:Deodorant Case: Marble Ditsy  [PF]:1;WCC3773:Deodorant Case: Disney Princess  [F05]:1;,,26/06/2026 00:00:00
Wild (WLD),9321457,FF5159456,2881099,26/06/2026 15:51:30,,FRANCE,API,,,ONBACKORDER,1,1,0.065,1.16,1,1,Standard,Skynet - EParcel,,Airbox NL,API,WCROC20:Roll On Case: Purple  [PF]:1;,PPD - Small Green [PF],17/06/2026 00:00:00
Wild (WLD),9321458,FF5165107,WCS36552,26/06/2026 15:51:32,,FRANCE,API,,,ONBACKORDER,1,2,0.139,2.00,1,1,Standard,Skynet - EParcel,,Airbox NL,API,WCROC20:Roll On Case: Purple  [PF]:1;WCRO549:Roll On Refill: Cherry Blossom   [C15]:1;,P1,17/06/2026 00:00:00
Wild (WLD),9321460,FF5167140,WSOS283339,26/06/2026 15:51:33,,FRANCE,API,,,ONBACKORDER,1,19,1.421,19.00,1,1,Standard,Spring - TRACKED DDU,,Airbox NL,API,WCLR3658:Lip Balm Refill: Brown Sugar & Vanilla  [0]:1;WCC3657:Deo Case: LSF Rosa Beaux  [0]:1;WCR3667:Deo Refill: Hibiscus & Coconut  [0]:1;WCLR3661:Lip Balm Refill: Sweet Pear & Nectar  [0]:1;WCLC3666:Lip Balm Case: LSF Everblooming Rosettes  [0]:1;WCBWCP3657:Body Wash Case: LSF Rosa Beaux:1;WCLC3657:Lip Balm Case: LSF Rosa Beaux  [0]:1;WCBWR3658:Body Wash Refill: Brown Sugar & Vanilla  [0]:1;WCLC3660:Lip Balm Case: LSF Sunrise Patchwork  [0]:1;WCC3666:Deo Case: LSF Everblooming Rosettes  [0]:1;WCC3660:Deo Case: LSF Sunrise Patchwork  [0]:1;WCBWR3667:Body Wash Refill: Hibiscus & Coconut  [0]:1;WCBWCP3666:Body Wash Case: LSF Everblooming Rosettes:1;WCR3661:Deo Refill: Sweet Pear & Nectar  [0]:1;WCLR3667:Lip Balm Refill: Hibiscus & Coconut  [0]:1;WCROC20:Roll On Case: Purple  [PF]:1;WCROA86:Roll On AP: Cedar & Sandalwood  [A12]:1;WCROA02:Roll On AP: Coconut & Vanilla   [C04]:1;WMIN03:Mini Deodorant: Jasmine & Mandarin Blossom  [0]:1;,P1,17/06/2026 00:00:00
Wild (WLD),9321463,FF5182786,WCS36625,26/06/2026 15:51:38,,ITALY,API,,,ONBACKORDER,1,9,0.814,9.00,1,1,Standard,Skynet - EParcel,,Airbox NL,API,WCBWC865:Body Wash Case: Ivory (2.0)  [E30]:1;W_ENGRAVED_BW:Engraving: Body Wash (01)  [0]:1;WCROC20:Roll On Case: Purple  [PF]:1;W_ENGRAVED_ROLL:Engraving: Roll On (04)  [0]:1;WCBWR966:Body Wash Refill: Honey & Almond (300ml)  [E11]:1;WCRS3815:Deodorant Refill: Cotton Cloud Sensitive  [A21]:2;WCROA3207:Roll On AP: Cotton Cloud  [C16]:2;,P1 - Engraving,19/06/2026 00:00:00
Wild (WLD),9321465,FF5202743,#5945613,26/06/2026 15:51:40,,FRANCE,API,,,ONBACKORDER,1,4,0.279,19.66,1,1,International - Standard,Spring - UNTRACKED DDU,,Airbox NL,API,WCROA3777:AP Roll on Refill: Island Paradise  [C05]:1;WCRO3125:Roll On Refill: Peachy Kisses  [E23]:1;WCRO966:Roll On Refill: Honey & Cactus Flower  [A30]:1;WCROC20:Roll On Case: Purple  [PF]:1;,PPD - [E],22/06/2026 00:00:00
Wild (WLD),9321467,FF5206579,2893388,26/06/2026 15:51:42,,BELGIUM,API,,,ONBACKORDER,1,2,0.139,2.32,1,1,Standard,Skynet - EParcel,,Airbox NL,API,WCROC20:Roll On Case: Purple  [PF]:1;WCRO02:Roll On Refill: Coconut & Vanilla  [C10]:1;,PPD - Small Green [PF],22/06/2026 00:00:00
Wild (WLD),9321469,FF5211280,2894388,26/06/2026 15:51:43,,FRANCE,API,,,ONBACKORDER,1,5,0.285,5.80,1,1,Standard,Skynet - EParcel,,Airbox NL,API,WCR3805:Deodorant Refill: Morning Meadow  [C09]:1;WCC747:Deodorant Case: EB Bees  [F01]:1;WCROC20:Roll On Case: Purple  [PF]:1;WCROA549:Roll On AP: Cherry Blossom  [C08]:1;WCR3776: Enchanted Bloom Deodorant Stick Refill  [A01]:1;,PPD - Small Green [PF],23/06/2026 00:00:00
Wild (WLD),9321470,FF5212941,WCS36750,26/06/2026 15:51:44,,NETHERLANDS,API,,,ONBACKORDER,1,2,0.075,2.00,1,1,Standard,Skynet - EParcel,,Airbox NL,API,WCROC20:Roll On Case: Purple  [PF]:1;W_ENGRAVED_ROLL:Engraving: Roll On (04)  [0]:1;,P1 - Engraving,23/06/2026 00:00:00
Wild (WLD),9321472,FF5233970,WSOS282653,26/06/2026 15:51:46,,FRANCE,API,,,ONBACKORDER,1,13,1.474,13.00,1,1,Standard,Spring - TRACKED DDU,,Airbox NL,API,WCBWCP3333:Body Wash Case: Miffy  [E28]:1;WCROA3207:Roll On AP: Cotton Cloud  [C16]:1;WCLC3333:Lip Balm Case: Miffy  [A28]:1;WCC3295:Deodorant Case: EBW Ladybird  [F06]:1;WCBWR1012:Body Wash Refill: Santorini Sunset (300ml)  [E13]:1;WCR3805:Deodorant Refill: Morning Meadow  [C09]:1;WCROC3657:Roll On Case: LSF Rosa Beaux  [0]:1;WCR3207:Deodorant Refill: Cotton Cloud  [C11]:1;WCLR619V2:Original Lip Balm Refill V2  [0]:1;WCBWC865:Body Wash Case: Ivory (2.0)  [E30]:1;WCBWR966:Body Wash Refill: Honey & Almond (300ml)  [E11]:1;WCROC20:Roll On Case: Purple  [PF]:1;WCC3657:Deo Case: LSF Rosa Beaux  [0]:1;,P1,25/06/2026 00:00:00
Wild (WLD),9322982,FF5245114,#5956500,26/06/2026 17:40:10,,UNITED KINGDOM,API,,,ONBACKORDER,1,4,0.205,13.99,1,1,Standard,Evri-Whistl Packet NPOD (0-2KG)-(Client account),,Airbox 18,API,WCR24:Deodorant Refill: Fresh Cotton & Sea Salt  [B05]:1;WCR02:Deodorant Refill: Coconut & Vanilla Dreams [B04]:1;WCR86:Deodorant Refill: Sandalwood & Patchouli  [B02]:1;WCC1905:Deodorant Case: Cath Kidston Bird  [PF]:1;,,26/06/2026 00:00:00
Wild (WLD),9327829,FF5249033,#5957729,27/06/2026 02:27:21,,UNITED KINGDOM,API,,,ONBACKORDER,1,2,0.036,2.92,1,1,Standard,RM Tracked COD Large Letter 0-1kg,,Airbox 18,API,WMIN348:Mini Deodorant: Mint & Aloe Vera  [0]:1;WMIN1261:Mini Deodorant: Calm [0]:1;,,27/06/2026 00:00:00
Wild (WLD),9327985,FF5248804,#5957499,27/06/2026 02:28:45,,UNITED KINGDOM,API,,,ONBACKORDER,1,5,0.305,20.66,1,1,Standard,Evri-Whistl Packet NPOD (0-2KG)-(Client account),,Airbox 18,API,WCR24:Deodorant Refill: Fresh Cotton & Sea Salt  [B05]:1;WCR02:Deodorant Refill: Coconut & Vanilla Dreams [B04]:1;WCR86:Deodorant Refill: Sandalwood & Patchouli  [B02]:1;WSOAPE1244:Exfoliating Soap: French Lavender  [0]:1;WCC1905:Deodorant Case: Cath Kidston Bird  [PF]:1;,,27/06/2026 00:00:00
Wild (WLD),9327989,FF5248498,#5957208,27/06/2026 02:28:48,,UNITED KINGDOM,API,,,ONBACKORDER,1,3,0.135,12.99,1,1,Standard,RM Tracked COD Large Letter 0-1kg,,Airbox 18,API,WCR549:Deodorant Refill: Cherry Blossom  [B01]:1;WCR1688:Deodorant Refill: Alice's Secret Garden  [0]:1;WCR1283:Deodorant Refill: Juicy Mango  [C12]:1;,,27/06/2026 00:00:00
Wild (WLD),9329467,FF5250899,AUS359646,27/06/2026 06:36:38,,AUSTRALIA,API,,,ONBACKORDER,1,8,1.777,91.65,1,1,Standard,Whistl - Standard (DDU) - Standard Parcel DDU,,Airbox 18,API,WMIN348:Mini Deodorant: Mint & Aloe Vera  [0]:1;WCBWR24:Body Wash Refill: Fresh Cotton (300ml)  [E01]:1;WCBWR608:Body Wash Refill: Oud & Amber (300ml)  [E21]:1;WCBWR1012:Body Wash Refill: Santorini Sunset (300ml)  [E13]:1;WCBWR3805:Body Wash Refill: Morning Meadow  [E02]:1;WCBWCP3129:Body Wash Case: Valentine's Day Hearts  [0]:1;WCLR1071:Lip Balm Refill: Passionfruit  [A22]:1;WCLRSPF620V2:Peach & Mango SPF Lip Balm Refill V2  [0]:1;,,27/06/2026 00:00:00
Wild (WLD),9335107,FF5217465,#5949891,27/06/2026 16:51:41,,UNITED KINGDOM,API,,,ONBACKORDER,1,3,0.130,12.99,1,1,Standard,RM Tracked COD Large Letter 0-1kg,,Airbox 18,API,WCR1921:Deodorant Refill: Santa's Christmas Cookies  [A23]:1;WCR1103:Deodorant Refill: Vanilla Bean & Buttercream  [0]:1;WCR02:Deodorant Refill: Coconut & Vanilla Dreams [B04]:1;,,24/06/2026 00:00:00
Wild (WLD),9335259,FF5217646,#5950078,27/06/2026 17:06:33,,UNITED KINGDOM,API,,,ONBACKORDER,1,3,0.130,12.99,1,1,Standard,RM Tracked COD Large Letter 0-1kg,,Airbox 18,API,WCR1921:Deodorant Refill: Santa's Christmas Cookies  [A23]:1;WCR549:Deodorant Refill: Cherry Blossom  [B01]:1;WCR24:Deodorant Refill: Fresh Cotton & Sea Salt  [B05]:1;,,24/06/2026 00:00:00
Wild (WLD),9338841,FF5257352,#5960047,28/06/2026 02:22:01,,UNITED KINGDOM,API,,,ONBACKORDER,1,3,1.230,15.47,1,1,Standard,Evri-Whistl Packet NPOD (0-2KG)-(Client account),,Airbox 18,API,WCBWR966:Body Wash Refill: Honey & Almond (300ml)  [E11]:1;WCBWR24:Body Wash Refill: Fresh Cotton (300ml)  [E01]:1;WCBWR1012:Body Wash Refill: Santorini Sunset (300ml)  [E13]:1;,,28/06/2026 00:00:00
Wild (WLD),9338842,FF5257353,#5960037,28/06/2026 02:22:01,,UNITED KINGDOM,API,,,ONBACKORDER,1,3,1.229,15.96,1,1,Standard,Evri-Whistl Packet NPOD (0-2KG)-(Client account),,Airbox 18,API,WCBWR608:Body Wash Refill: Oud & Amber (300ml)  [E21]:1;WCBWR02:Body Wash Refill: Coconut & Vanilla (300ml)  [E27]:1;WCBWR966:Body Wash Refill: Honey & Almond (300ml)  [E11]:1;,,28/06/2026 00:00:00
Wild (WLD),9338888,FF5257072,#5959765,28/06/2026 02:22:19,,UNITED KINGDOM,API,,,ONBACKORDER,1,3,1.230,14.50,1,1,Standard,Evri-Whistl Packet NPOD (0-2KG)-(Client account),,Airbox 18,API,WCBWR24:Body Wash Refill: Fresh Cotton (300ml)  [E01]:1;WCBWR966:Body Wash Refill: Honey & Almond (300ml)  [E11]:2;,,28/06/2026 00:00:00
Wild (WLD),9338905,FF5256801,#5959483,28/06/2026 02:22:28,,UNITED KINGDOM,API,,,ONBACKORDER,1,3,1.229,15.96,1,1,Standard,Evri-Whistl Packet NPOD (0-2KG)-(Client account),,Airbox 18,API,WCBWR24:Body Wash Refill: Fresh Cotton (300ml)  [E01]:1;WCBWR02:Body Wash Refill: Coconut & Vanilla (300ml)  [E27]:1;WCBWR966:Body Wash Refill: Honey & Almond (300ml)  [E11]:1;,,28/06/2026 00:00:00
Wild (WLD),9338908,FF5257080,#5959785,28/06/2026 02:22:29,,UNITED KINGDOM,API,,,ONBACKORDER,1,3,1.230,15.96,1,1,Standard,Evri-Whistl Packet NPOD (0-2KG)-(Client account),,Airbox 18,API,WCBWR24:Body Wash Refill: Fresh Cotton (300ml)  [E01]:1;WCBWR966:Body Wash Refill: Honey & Almond (300ml)  [E11]:1;WCBWR3207:Body Wash Refill: Cotton Clouds  [E14]:1;,,28/06/2026 00:00:00
Wild (WLD),9338976,FF5257106,#5959812,28/06/2026 02:23:07,,UNITED KINGDOM,API,,,ONBACKORDER,1,3,1.229,15.96,1,1,Standard,Evri-Whistl Packet NPOD (0-2KG)-(Client account),,Airbox 18,API,WCBWR966:Body Wash Refill: Honey & Almond (300ml)  [E11]:1;WCBWR24:Body Wash Refill: Fresh Cotton (300ml)  [E01]:1;WCSGR1283:Body Wash Refill: Juicy Mango (300/350ml)  [E22]:1;,,28/06/2026 00:00:00
Wild (WLD),9338985,FF5257400,#5960088,28/06/2026 02:23:12,,UNITED KINGDOM,API,,,ONBACKORDER,1,4,1.640,21.30,1,1,Standard,Evri-Whistl Packet NPOD (0-2KG)-(Client account),,Airbox 18,API,WCBWR24:Body Wash Refill: Fresh Cotton (300ml)  [E01]:1;WCBWR966:Body Wash Refill: Honey & Almond (300ml)  [E11]:3;,,28/06/2026 00:00:00
Wild (WLD),9339032,FF5257422,#5960112,28/06/2026 02:23:37,,UNITED KINGDOM,API,,,ONBACKORDER,1,3,1.230,15.97,1,1,Standard,Evri-Whistl Packet NPOD (0-2KG)-(Client account),,Airbox 18,API,WCBWR24:Body Wash Refill: Fresh Cotton (300ml)  [E01]:1;WCBWR966:Body Wash Refill: Honey & Almond (300ml)  [E11]:2;,,28/06/2026 00:00:00
Wild (WLD),9339092,FF5257146,#5959828,28/06/2026 02:24:08,,UNITED KINGDOM,API,,,ONBACKORDER,1,3,1.230,15.96,1,1,Standard,Evri-Whistl Packet NPOD (0-2KG)-(Client account),,Airbox 18,API,WCBWR608:Body Wash Refill: Oud & Amber (300ml)  [E21]:1;WCBWR966:Body Wash Refill: Honey & Almond (300ml)  [E11]:1;WCBWR24:Body Wash Refill: Fresh Cotton (300ml)  [E01]:1;,,28/06/2026 00:00:00
Wild (WLD),9339236,FF5256915,#5959601,28/06/2026 02:25:26,,UNITED KINGDOM,API,,,ONBACKORDER,1,3,1.230,15.98,1,1,Standard,Evri-Whistl Packet NPOD (0-2KG)-(Client account),,Airbox 18,API,WCBWR966:Body Wash Refill: Honey & Almond (300ml)  [E11]:3;,,28/06/2026 00:00:00
Wild (WLD),9339243,FF5257496,#5960164,28/06/2026 02:25:29,,UNITED KINGDOM,API,,,ONBACKORDER,1,3,1.228,14.98,1,1,Standard,Evri-Whistl Packet NPOD (0-2KG)-(Client account),,Airbox 18,API,WCBWR02:Body Wash Refill: Coconut & Vanilla (300ml)  [E27]:1;WCBWR02:Body Wash Refill: Coconut & Vanilla (300ml)  [E27]:1;WCBWR966:Body Wash Refill: Honey & Almond (300ml)  [E11]:1;,,28/06/2026 00:00:00
Wild (WLD),9339247,FF5257498,#5960192,28/06/2026 02:25:31,,UNITED KINGDOM,API,,,ONBACKORDER,1,3,1.228,14.98,1,1,Standard,Evri-Whistl Packet NPOD (0-2KG)-(Client account),,Airbox 18,API,WCBWR02:Body Wash Refill: Coconut & Vanilla (300ml)  [E27]:1;WCBWR966:Body Wash Refill: Honey & Almond (300ml)  [E11]:1;WCSGR1283:Body Wash Refill: Juicy Mango (300/350ml)  [E22]:1;,,28/06/2026 00:00:00
Wild (WLD),9339278,FF5256930,#5959627,28/06/2026 02:25:47,,UNITED KINGDOM,API,,,ONBACKORDER,1,4,0.146,14.92,1,1,Standard,RM Tracked COD Large Letter 0-1kg,,Airbox 18,API,WCR02:Deodorant Refill: Coconut & Vanilla Dreams [B04]:1;WCR348:Deodorant Refill: Mint & Aloe Vera  [C03]:1;WCR1893:Deodorant Refill: Chupa Chups Watermelon  [A16]:1;WMIN348:Mini Deodorant: Mint & Aloe Vera  [0]:1;,,28/06/2026 00:00:00
Wild (WLD),9339322,FF5257242,#5959918,28/06/2026 02:26:08,,UNITED KINGDOM,API,,,ONBACKORDER,1,3,1.230,15.97,1,1,Standard,Evri-Whistl Packet NPOD (0-2KG)-(Client account),,Airbox 18,API,WCBWR24:Body Wash Refill: Fresh Cotton (300ml)  [E01]:2;WCBWR966:Body Wash Refill: Honey & Almond (300ml)  [E11]:1;,,28/06/2026 00:00:00
Wild (WLD),9339345,FF5257530,#5960200,28/06/2026 02:26:21,,UNITED KINGDOM,API,,,ONBACKORDER,1,3,1.229,14.49,1,1,Standard,Evri-Whistl Packet NPOD (0-2KG)-(Client account),,Airbox 18,API,WCBWR608:Body Wash Refill: Oud & Amber (300ml)  [E21]:1;WCBWR966:Body Wash Refill: Honey & Almond (300ml)  [E11]:1;WCBWR02:Body Wash Refill: Coconut & Vanilla (300ml)  [E27]:1;,,28/06/2026 00:00:00
Wild (WLD),9339475,FF5257006,#5959695,28/06/2026 02:27:31,,UNITED KINGDOM,API,,,ONBACKORDER,1,6,2.460,31.95,1,1,Standard,Evri-Whistl Parcel NPOD (2-15KG)-(Client account),,Airbox 18,API,WCBWR1012:Body Wash Refill: Santorini Sunset (300ml)  [E13]:2;WCBWR966:Body Wash Refill: Honey & Almond (300ml)  [E11]:2;WCBWR1963:Body Wash Refill: Spa Daydreams (300ml) [E06]:2;,,28/06/2026 00:00:00
Wild (WLD),9339493,FF5257586,#5960273,28/06/2026 02:27:41,,UNITED KINGDOM,API,,,ONBACKORDER,1,3,1.229,14.49,1,1,Standard,Evri-Whistl Packet NPOD (0-2KG)-(Client account),,Airbox 18,API,WCBWR966:Body Wash Refill: Honey & Almond (300ml)  [E11]:1;WCBWR02:Body Wash Refill: Coconut & Vanilla (300ml)  [E27]:1;WCBWR1012:Body Wash Refill: Santorini Sunset (300ml)  [E13]:1;,,28/06/2026 00:00:00
Wild (WLD),9339510,FF5257017,#5959711,28/06/2026 02:27:51,,SWITZERLAND,API,,,ONBACKORDER,1,3,1.230,17.73,1,1,Standard,Whistl - Standard (DDU) - Standard Parcel DDU,,Airbox 18,API,WCBWR966:Body Wash Refill: Honey & Almond (300ml)  [E11]:1;WCBWR1963:Body Wash Refill: Spa Daydreams (300ml) [E06]:1;WCBWR1012:Body Wash Refill: Santorini Sunset (300ml)  [E13]:1;,,28/06/2026 00:00:00
Wild (WLD),9339729,FF5258104,AUS359872,28/06/2026 05:39:17,,AUSTRALIA,API,,,ONBACKORDER,1,3,1.230,52.35,1,1,Standard,Whistl - Standard (DDU) - Standard Parcel DDU,,Airbox 18,API,WCBWR24:Body Wash Refill: Fresh Cotton (300ml)  [E01]:1;WCBWR24:Body Wash Refill: Fresh Cotton (300ml)  [E01]:1;WCBWR966:Body Wash Refill: Honey & Almond (300ml)  [E11]:1;,,28/06/2026 00:00:00
Wild (WLD),9341700,FF5259642,#5960464,28/06/2026 09:22:18,,UNITED KINGDOM,API,,,ONBACKORDER,1,3,1.229,14.49,1,1,Standard,Evri-Whistl Packet NPOD (0-2KG)-(Client account),,Airbox 18,API,WCBWR24:Body Wash Refill: Fresh Cotton (300ml)  [E01]:1;WCBWR02:Body Wash Refill: Coconut & Vanilla (300ml)  [E27]:1;WCBWR966:Body Wash Refill: Honey & Almond (300ml)  [E11]:1;,,28/06/2026 00:00:00
Wild (WLD),9345197,FF5261064,AUS360049,28/06/2026 15:21:50,,AUSTRALIA,API,,,ONBACKORDER,1,6,1.103,9.55,1,1,Standard,Whistl - Standard (DDU) - Standard Parcel DDU,,Airbox 18,API,WCBWC866:Body Wash Case: Sage (2.0)  [E16]:1;WCBWC865:Body Wash Case: Ivory (2.0)  [E30]:1;WCBWR1012:Body Wash Refill: Santorini Sunset (300ml)  [E13]:1;WCBWR966:Body Wash Refill: Honey & Almond (300ml)  [E11]:1;WCR3207:Deodorant Refill: Cotton Cloud  [C11]:1;WCR1103:Deodorant Refill: Vanilla Bean & Buttercream  [0]:1;,,28/06/2026 00:00:00
Wild (WLD),9345325,FF5261088,#5960917,28/06/2026 15:36:47,,BULGARIA,API,,,ONBACKORDER,1,5,0.345,23.99,1,1,Standard,Spring - SIGNATURED DDU,,Airbox NL,API,WCROA3776: AP Roll on Refill: Enchanted Bloom  [0]:1;WCROA3776: AP Roll on Refill: Enchanted Bloom  [0]:1;WCROA3777:AP Roll on Refill: Island Paradise  [C05]:1;WCROA86:Roll On AP: Cedar & Sandalwood  [A12]:1;WCROC20:Roll On Case: Purple  [PF]:1;,,28/06/2026 00:00:00
Wild (WLD),9346290,FF5261621,#5961040,28/06/2026 17:22:04,,CZECH REPUBLIC,API,,,ONBACKORDER,1,1,0.065,8.26,1,1,Standard,Spring - TRACKED DDU,,Airbox NL,API,WCROC20:Roll On Case: Purple  [PF]:1;,,28/06/2026 00:00:00
Wild (WLD),9346485,FF5261698,#5961098,28/06/2026 17:37:26,,UNITED KINGDOM,API,,,ONBACKORDER,1,4,1.329,16.97,1,1,Standard,Evri-Whistl Packet NPOD (0-2KG)-(Client account),,Airbox 18,API,WCBWR24:Body Wash Refill: Fresh Cotton (300ml)  [E01]:1;WCBWR966:Body Wash Refill: Honey & Almond (300ml)  [E11]:2;WCBWC2556:Body Wash Case: Chrome  [0]:1;,,28/06/2026 00:00:00
Wild (WLD),9349962,FF5263530,2905569,28/06/2026 23:06:38,,SWITZERLAND,API,,,ONBACKORDER,1,5,0.275,40.80,1,1,Standard,Whistl - Standard (DDU) - Standard Parcel DDU,,Airbox 18,API,WCC2332:Deodorant Case: Pastel Blue  [PF]:1;WCC1905:Deodorant Case: Cath Kidston Bird  [PF]:1;WCR348:Deodorant Refill: Mint & Aloe Vera  [C03]:1;WCRS216:Sensitive Deodorant Refill: Fresh Cotton & Sea Salt [C18]:1;WCR524:Deodorant Refill: Ocean Mist  [C17]:1;,,28/06/2026 00:00:00
Wild (WLD),9350821,FF5264957,#5962314,29/06/2026 02:21:51,,UNITED KINGDOM,API,,,ONBACKORDER,1,7,2.868,37.26,1,1,Standard,Evri-Whistl Parcel NPOD (2-15KG)-(Client account),,Airbox 18,API,WCBWR24:Body Wash Refill: Fresh Cotton (300ml)  [E01]:3;WCBWR24:Body Wash Refill: Fresh Cotton (300ml)  [E01]:1;WCBWR02:Body Wash Refill: Coconut & Vanilla (300ml)  [E27]:1;WCBWR966:Body Wash Refill: Honey & Almond (300ml)  [E11]:1;WCSGR1283:Body Wash Refill: Juicy Mango (300/350ml)  [E22]:1;,,29/06/2026 00:00:00
Wild (WLD),9350844,FF5264628,#5961991,29/06/2026 02:21:57,,UNITED KINGDOM,API,,,ONBACKORDER,1,4,1.640,21.30,1,1,Standard,Evri-Whistl Packet NPOD (0-2KG)-(Client account),,Airbox 18,API,WCBWR966:Body Wash Refill: Honey & Almond (300ml)  [E11]:2;WCBWR24:Body Wash Refill: Fresh Cotton (300ml)  [E01]:2;,,29/06/2026 00:00:00
Wild (WLD),9350852,FF5264290,#5961664,29/06/2026 02:22:00,,UNITED KINGDOM,API,,,ONBACKORDER,1,3,1.230,15.96,1,1,Standard,Evri-Whistl Packet NPOD (0-2KG)-(Client account),,Airbox 18,API,WCBWR966:Body Wash Refill: Honey & Almond (300ml)  [E11]:1;WCBWR1012:Body Wash Refill: Santorini Sunset (300ml)  [E13]:1;WCBWR24:Body Wash Refill: Fresh Cotton (300ml)  [E01]:1;,,29/06/2026 00:00:00
Wild (WLD),9350917,FF5265321,#5962665,29/06/2026 02:22:23,,UNITED KINGDOM,API,,,ONBACKORDER,1,3,1.229,15.96,1,1,Standard,Evri-Whistl Packet NPOD (0-2KG)-(Client account),,Airbox 18,API,WCBWR02:Body Wash Refill: Coconut & Vanilla (300ml)  [E27]:1;WCBWR966:Body Wash Refill: Honey & Almond (300ml)  [E11]:1;WCBWR1012:Body Wash Refill: Santorini Sunset (300ml)  [E13]:1;,,29/06/2026 00:00:00
Wild (WLD),9350929,FF5264987,#5962342,29/06/2026 02:22:28,,UNITED KINGDOM,API,,,ONBACKORDER,1,3,1.229,14.49,1,1,Standard,Evri-Whistl Packet NPOD (0-2KG)-(Client account),,Airbox 18,API,WCBWR966:Body Wash Refill: Honey & Almond (300ml)  [E11]:1;WCBWR02:Body Wash Refill: Coconut & Vanilla (300ml)  [E27]:1;WCBWR24:Body Wash Refill: Fresh Cotton (300ml)  [E01]:1;,,29/06/2026 00:00:00
Wild (WLD),9350957,FF5264317,#5961699,29/06/2026 02:22:40,,UNITED KINGDOM,API,,,ONBACKORDER,1,6,1.364,28.96,1,1,Standard,Evri-Whistl Packet NPOD (0-2KG)-(Client account),,Airbox 18,API,WCR348:Deodorant Refill: Mint & Aloe Vera  [C03]:3;WCBWR02:Body Wash Refill: Coconut & Vanilla (300ml)  [E27]:1;WCBWR966:Body Wash Refill: Honey & Almond (300ml)  [E11]:1;WCBWR24:Body Wash Refill: Fresh Cotton (300ml)  [E01]:1;,,29/06/2026 00:00:00
Wild (WLD),9350997,FF5265348,#5962705,29/06/2026 02:22:55,,UNITED KINGDOM,API,,,ONBACKORDER,1,6,1.365,26.50,1,1,Standard,Evri-Whistl Packet NPOD (0-2KG)-(Client account),,Airbox 18,API,WCBWR966:Body Wash Refill: Honey & Almond (300ml)  [E11]:3;WCRS550:Sensitive Deodorant Refill: Cherry Blossom  [C01]:3;,,29/06/2026 00:00:00
Wild (WLD),9351026,FF5265018,#5962393,29/06/2026 02:23:04,,UNITED KINGDOM,API,,,ONBACKORDER,1,3,1.229,14.98,1,1,Standard,Evri-Whistl Packet NPOD (0-2KG)-(Client account),,Airbox 18,API,WCBWR966:Body Wash Refill: Honey & Almond (300ml)  [E11]:1;WCBWR1012:Body Wash Refill: Santorini Sunset (300ml)  [E13]:1;WCSGR1283:Body Wash Refill: Juicy Mango (300/350ml)  [E22]:1;,,29/06/2026 00:00:00
Wild (WLD),9351046,FF5265366,#5962719,29/06/2026 02:23:12,,UNITED KINGDOM,API,,,ONBACKORDER,1,3,1.228,15.96,1,1,Standard,Evri-Whistl Packet NPOD (0-2KG)-(Client account),,Airbox 18,API,WCSGR1283:Body Wash Refill: Juicy Mango (300/350ml)  [E22]:1;WCBWR02:Body Wash Refill: Coconut & Vanilla (300ml)  [E27]:1;WCBWR966:Body Wash Refill: Honey & Almond (300ml)  [E11]:1;,,29/06/2026 00:00:00
Wild (WLD),9351062,FF5264694,#5962070,29/06/2026 02:23:17,,UNITED KINGDOM,API,,,ONBACKORDER,1,3,1.229,15.96,1,1,Standard,Evri-Whistl Packet NPOD (0-2KG)-(Client account),,Airbox 18,API,WCBWR966:Body Wash Refill: Honey & Almond (300ml)  [E11]:1;WCBWR02:Body Wash Refill: Coconut & Vanilla (300ml)  [E27]:1;WCBWR24:Body Wash Refill: Fresh Cotton (300ml)  [E01]:1;,,29/06/2026 00:00:00
Wild (WLD),9351137,FF5265050,#5962419,29/06/2026 02:23:45,,UNITED KINGDOM,API,,,ONBACKORDER,1,3,1.230,14.98,1,1,Standard,Evri-Whistl Packet NPOD (0-2KG)-(Client account),,Airbox 18,API,WCBWR966:Body Wash Refill: Honey & Almond (300ml)  [E11]:1;WCBWR608:Body Wash Refill: Oud & Amber (300ml)  [E21]:1;WCBWR24:Body Wash Refill: Fresh Cotton (300ml)  [E01]:1;,,29/06/2026 00:00:00
Wild (WLD),9351140,FF5265391,#5962755,29/06/2026 02:23:46,,UNITED KINGDOM,API,,,ONBACKORDER,1,3,1.230,15.98,1,1,Standard,Evri-Whistl Packet NPOD (0-2KG)-(Client account),,Airbox 18,API,WCBWR966:Body Wash Refill: Honey & Almond (300ml)  [E11]:3;,,29/06/2026 00:00:00
Wild (WLD),9351169,FF5264378,#5961753,29/06/2026 02:23:56,,UNITED KINGDOM,API,,,ONBACKORDER,1,4,1.640,21.28,1,1,Standard,Evri-Whistl Packet NPOD (0-2KG)-(Client account),,Airbox 18,API,WCBWR966:Body Wash Refill: Honey & Almond (300ml)  [E11]:1;WCBWR1012:Body Wash Refill: Santorini Sunset (300ml)  [E13]:1;WCBWR1963:Body Wash Refill: Spa Daydreams (300ml) [E06]:1;WCBWR24:Body Wash Refill: Fresh Cotton (300ml)  [E01]:1;,,29/06/2026 00:00:00
Wild (WLD),9351191,FF5265069,#5962428,29/06/2026 02:24:05,,UNITED KINGDOM,API,,,ONBACKORDER,1,3,1.229,14.49,1,1,Standard,Evri-Whistl Packet NPOD (0-2KG)-(Client account),,Airbox 18,API,WCBWR966:Body Wash Refill: Honey & Almond (300ml)  [E11]:1;WCBWR608:Body Wash Refill: Oud & Amber (300ml)  [E21]:1;WCSGR1283:Body Wash Refill: Juicy Mango (300/350ml)  [E22]:1;,,29/06/2026 00:00:00
Wild (WLD),9351280,FF5265429,#5962793,29/06/2026 02:24:38,,UNITED KINGDOM,API,,,ONBACKORDER,1,3,1.230,15.96,1,1,Standard,Evri-Whistl Packet NPOD (0-2KG)-(Client account),,Airbox 18,API,WCBWR24:Body Wash Refill: Fresh Cotton (300ml)  [E01]:1;WCBWR1963:Body Wash Refill: Spa Daydreams (300ml) [E06]:1;WCBWR966:Body Wash Refill: Honey & Almond (300ml)  [E11]:1;,,29/06/2026 00:00:00
Wild (WLD),9351288,FF5264415,#5961781,29/06/2026 02:24:41,,UNITED KINGDOM,API,,,ONBACKORDER,1,3,1.229,15.97,1,1,Standard,Evri-Whistl Packet NPOD (0-2KG)-(Client account),,Airbox 18,API,WCBWR966:Body Wash Refill: Honey & Almond (300ml)  [E11]:2;WCBWR02:Body Wash Refill: Coconut & Vanilla (300ml)  [E27]:1;,,29/06/2026 00:00:00
Wild (WLD),9351392,FF5265463,#5962826,29/06/2026 02:25:19,,UNITED KINGDOM,API,,,ONBACKORDER,1,3,1.228,18.64,1,1,Standard,Evri-Whistl Packet NPOD (0-2KG)-(Client account),,Airbox 18,API,WCBWR02:Body Wash Refill: Coconut & Vanilla (300ml)  [E27]:1;WCBWR02:Body Wash Refill: Coconut & Vanilla (300ml)  [E27]:1;WCBWR966:Body Wash Refill: Honey & Almond (300ml)  [E11]:1;,,29/06/2026 00:00:00
Wild (WLD),9351404,FF5264458,#5961854,29/06/2026 02:25:24,,UNITED KINGDOM,API,,,ONBACKORDER,1,3,1.229,14.50,1,1,Standard,Evri-Whistl Packet NPOD (0-2KG)-(Client account),,Airbox 18,API,WCBWR02:Body Wash Refill: Coconut & Vanilla (300ml)  [E27]:1;WCBWR966:Body Wash Refill: Honey & Almond (300ml)  [E11]:2;,,29/06/2026 00:00:00
Wild (WLD),9351530,FF5265506,#5962865,29/06/2026 02:26:09,,UNITED KINGDOM,API,,,ONBACKORDER,1,4,1.637,21.29,1,1,Standard,Evri-Whistl Packet NPOD (0-2KG)-(Client account),,Airbox 18,API,WCBWR966:Body Wash Refill: Honey & Almond (300ml)  [E11]:1;WCBWR02:Body Wash Refill: Coconut & Vanilla (300ml)  [E27]:2;WCBWR02:Body Wash Refill: Coconut & Vanilla (300ml)  [E27]:1;,,29/06/2026 00:00:00
Wild (WLD),9351553,FF5265186,#5962549,29/06/2026 02:26:18,,UNITED KINGDOM,API,,,ONBACKORDER,1,3,1.230,15.98,1,1,Standard,Evri-Whistl Packet NPOD (0-2KG)-(Client account),,Airbox 18,API,WCBWR966:Body Wash Refill: Honey & Almond (300ml)  [E11]:3;,,29/06/2026 00:00:00
Wild (WLD),9351667,FF5264919,#5962295,29/06/2026 02:27:13,,UNITED KINGDOM,API,,,ONBACKORDER,1,3,1.230,15.96,1,1,Standard,Evri-Whistl Packet NPOD (0-2KG)-(Client account),,Airbox 18,API,WCBWR24:Body Wash Refill: Fresh Cotton (300ml)  [E01]:1;WCBWR966:Body Wash Refill: Honey & Almond (300ml)  [E11]:1;WCBWR608:Body Wash Refill: Oud & Amber (300ml)  [E21]:1;,,29/06/2026 00:00:00
Wild (WLD),9351835,FF5264632,#5962001,29/06/2026 02:53:39,,UNITED KINGDOM,API,,,ONBACKORDER,1,7,1.400,33.30,1,1,Standard,Evri-Whistl Packet NPOD (0-2KG)-(Client account),,Airbox 18,API,WCBWR1963:Body Wash Refill: Spa Daydreams (300ml) [E06]:2;WCBWR966:Body Wash Refill: Honey & Almond (300ml)  [E11]:1;WCR24:Deodorant Refill: Fresh Cotton & Sea Salt  [B05]:2;WCR3776: Enchanted Bloom Deodorant Stick Refill  [A01]:1;WCR3777:Deodorant Refill: Island Paradise  [A19]:1;,,29/06/2026 00:00:00
Wild (WLD),9351846,FF5264681,#5962039,29/06/2026 02:54:01,,UNITED KINGDOM,API,,,ONBACKORDER,1,8,2.185,39.59,1,1,Standard,Evri-Whistl Parcel NPOD (2-15KG)-(Client account),,Airbox 18,API,WCBWR966:Body Wash Refill: Honey & Almond (300ml)  [E11]:1;WCBWR1012:Body Wash Refill: Santorini Sunset (300ml)  [E13]:1;WCBWR24:Body Wash Refill: Fresh Cotton (300ml)  [E01]:1;WCR348:Deodorant Refill: Mint & Aloe Vera  [C03]:1;WCR86:Deodorant Refill: Sandalwood & Patchouli  [B02]:1;WCBWR1963:Body Wash Refill: Spa Daydreams (300ml) [E06]:1;WCBWR3805:Body Wash Refill: Morning Meadow  [E02]:1;WCR24:Deodorant Refill: Fresh Cotton & Sea Salt  [B05]:1;,,29/06/2026 00:00:00
Wild (WLD),9351927,FF5265215,#5962569,29/06/2026 02:56:46,,UNITED KINGDOM,API,,,ONBACKORDER,1,6,1.364,28.95,1,1,Standard,Evri-Whistl Packet NPOD (0-2KG)-(Client account),,Airbox 18,API,WCRS30:Sensitive Deodorant Refill: Coconut & Vanilla [C19]:1;WCR761:Deodorant Refill: Pink Grapefruit & Lime  [C13]:1;WCR24:Deodorant Refill: Fresh Cotton & Sea Salt  [B05]:1;WCBWR966:Body Wash Refill: Honey & Almond (300ml)  [E11]:1;WCBWR24:Body Wash Refill: Fresh Cotton (300ml)  [E01]:1;WCSGR1283:Body Wash Refill: Juicy Mango (300/350ml)  [E22]:1;,,29/06/2026 00:00:00
Wild (WLD),9351958,FF5265326,#5962691,29/06/2026 02:57:41,,UNITED KINGDOM,API,,,ONBACKORDER,1,6,1.360,26.98,1,1,Standard,Evri-Whistl Packet NPOD (0-2KG)-(Client account),,Airbox 18,API,WCBWR966:Body Wash Refill: Honey & Almond (300ml)  [E11]:1;WCR02:Deodorant Refill: Coconut & Vanilla Dreams [B04]:1;WCBWR608:Body Wash Refill: Oud & Amber (300ml)  [E21]:1;WCR549:Deodorant Refill: Cherry Blossom  [B01]:1;WCR507:Deodorant Refill: Thunderstorm  [B03]:1;WCBWR24:Body Wash Refill: Fresh Cotton (300ml)  [E01]:1;,,29/06/2026 00:00:00
Wild (WLD),9353676,FF5267547,#5962961,29/06/2026 07:52:14,,UNITED KINGDOM,API,,,ONBACKORDER,1,13,1.213,13.00,1,1,Standard,Evri-Whistl Packet NPOD (0-2KG)-(Client account),,Airbox 18,API,WCBWC1672:Body Wash Case: Red Sundae (2.0)  [0]:1;WCLR1818:Lip Balm Refill: Cola  [D03]:1;WCLC1851:Lip Balm Case: Hot Pink  [0]:1;WCSGR1283:Body Wash Refill: Juicy Mango (300/350ml)  [E22]:1;WCLR2512:Lip Balm Refill: Black Cherry  [A10]:2;WCLRSPF620V2:Peach & Mango SPF Lip Balm Refill V2  [0]:2;WCBWR1898:Body Wash Refill: Cherry Chupa Chups (300ml) [E18]:1;WCR1818:Deodorant Refill: Chupa Chups Cola  [A14]:2;WCR3207:Deodorant Refill: Cotton Cloud  [C11]:1;WCRS550:Sensitive Deodorant Refill: Cherry Blossom  [C01]:1;,,29/06/2026 00:00:00
Wild (WLD),9353959,FF5267687,WSOS284735,29/06/2026 08:37:08,,UNITED KINGDOM,API,,,ONBACKORDER,1,2,0.420,2.00,1,1,Standard,Evri - Whistl Packet - Next Day NPOD - (0-2KG),,Airbox 18,API,WCBWR966:Body Wash Refill: Honey & Almond (300ml)  [E11]:1;WCLR3207:Lip Balm Refill: Cotton Cloud  [A29]:1;,,29/06/2026 00:00:00
Wild (WLD),9354293,FF5267852,#5963069,29/06/2026 09:12:41,,UNITED KINGDOM,API,,,ONBACKORDER,1,3,1.230,15.97,1,1,Standard,Evri-Whistl Packet NPOD (0-2KG)-(Client account),,Airbox 18,API,WCBWR966:Body Wash Refill: Honey & Almond (300ml)  [E11]:2;WCBWR24:Body Wash Refill: Fresh Cotton (300ml)  [E01]:1;,,29/06/2026 00:00:00
Wild (WLD),9354587,FF5125943,AUS354368,29/06/2026 09:51:47,,AUSTRALIA,API,,,ONBACKORDER,1,3,1.230,65.46,1,1,Standard,Whistl - Standard (DDU) - Standard Parcel DDU,,Airbox 18,API,WCBWR3278:Body Wash Refill: Peachy Kiss  [0]:1;WCBWR24:Body Wash Refill: Fresh Cotton (300ml)  [E01]:1;WCBWR966:Body Wash Refill: Honey & Almond (300ml)  [E11]:1;,,13/06/2026 00:00:00
Wild (WLD),9354822,FF5238156,#5954645,29/06/2026 10:21:49,,UNITED KINGDOM,API,,,ONBACKORDER,1,3,0.130,12.99,1,1,Standard,RM Tracked COD Large Letter 0-1kg,,Airbox 18,API,WCR1921:Deodorant Refill: Santa's Christmas Cookies  [A23]:1;WCR524:Deodorant Refill: Ocean Mist  [C17]:1;WCR1103:Deodorant Refill: Vanilla Bean & Buttercream  [0]:1;,,26/06/2026 00:00:00
Wild (WLD),9354864,FF5268142,2906444,29/06/2026 10:22:05,,IRELAND,API,,,ONBACKORDER,1,4,0.225,32.18,1,1,Standard,Whistl - Ireland Standard (IOSS),,Airbox 18,API,WCR3776: Enchanted Bloom Deodorant Stick Refill  [A01]:1;WCR24:Deodorant Refill: Fresh Cotton & Sea Salt  [B05]:1;WCC1838:Deodorant Case: Marble Ditsy  [PF]:1;WCC747:Deodorant Case: EB Bees  [F01]:1;,,29/06/2026 00:00:00
Wild (WLD),9355071,FF5238535,#5955005,29/06/2026 10:51:46,,UNITED KINGDOM,API,,,ONBACKORDER,1,3,0.130,12.99,1,1,Standard,RM Tracked COD Large Letter 0-1kg,,Airbox 18,API,WCR02:Deodorant Refill: Coconut & Vanilla Dreams [B04]:1;WCR1921:Deodorant Refill: Santa's Christmas Cookies  [A23]:1;WCR524:Deodorant Refill: Ocean Mist  [C17]:1;,,26/06/2026 00:00:00
Wild (WLD),9355343,FF5238737,#5955194,29/06/2026 11:21:48,,UNITED KINGDOM,API,,,ONBACKORDER,1,3,0.130,12.99,1,1,Standard,RM Tracked COD Large Letter 0-1kg,,Airbox 18,API,WCR348:Deodorant Refill: Mint & Aloe Vera  [C03]:1;WCR1921:Deodorant Refill: Santa's Christmas Cookies  [A23]:1;WCR24:Deodorant Refill: Fresh Cotton & Sea Salt  [B05]:1;,,26/06/2026 00:00:00
Wild (WLD),9356345,FF5268619,#5963311,29/06/2026 12:22:17,,UNITED KINGDOM,API,,,ONBACKORDER,1,4,1.640,19.68,1,1,Standard,Evri-Whistl Packet NPOD (0-2KG)-(Client account),,Airbox 18,API,WCBWR1963:Body Wash Refill: Spa Daydreams (300ml) [E06]:1;WCBWR1012:Body Wash Refill: Santorini Sunset (300ml)  [E13]:1;WCBWR1898:Body Wash Refill: Cherry Chupa Chups (300ml) [E18]:1;WCBWR966:Body Wash Refill: Honey & Almond (300ml)  [E11]:1;,,29/06/2026 00:00:00
Wild (WLD),9356851,FF5238900,#5955349,29/06/2026 13:21:58,,UNITED KINGDOM,API,,,ONBACKORDER,1,3,0.130,10.68,1,1,Standard,RM Tracked COD Large Letter 0-1kg,,Airbox 18,API,WCR1921:Deodorant Refill: Santa's Christmas Cookies  [A23]:1;WCR549:Deodorant Refill: Cherry Blossom  [B01]:1;WCR1283:Deodorant Refill: Juicy Mango  [C12]:1;,,26/06/2026 00:00:00
Wild (WLD),9356857,FF5253080,AUS359743,29/06/2026 13:21:59,,AUSTRALIA,API,,,ONBACKORDER,1,5,2.048,109.10,1,1,Standard,Whistl - Standard (DDU) - Standard Parcel DDU,,Airbox 18,API,WCBWR3205:Body Wash Refill: Black Velvet & Rose [E20]:1;WCBWR966:Body Wash Refill: Honey & Almond (300ml)  [E11]:2;WCBWR02:Body Wash Refill: Coconut & Vanilla (300ml)  [E27]:2;,,27/06/2026 00:00:00
Wild (WLD),9356865,FF5268868,2906723,29/06/2026 13:22:03,,SWITZERLAND,API,,,ONBACKORDER,1,7,1.194,49.95,1,1,Standard,Whistl - Standard (DDU) - Standard Parcel DDU,,Airbox 18,API,WCBWC864:Body Wash Case: Rose (2.0)  [0]:1;WCBWR966:Body Wash Refill: Honey & Almond (300ml)  [E11]:2;WCROC1838:Roll On Case: Cath Kidson Navy Flower  [F12]:1;WCROA24:Roll On AP: Cotton & Seasalt   [C07]:3;,,29/06/2026 00:00:00
Wild (WLD),9357959,FF5269489,2906855,29/06/2026 14:51:51,,IRELAND,API,,,ONBACKORDER,1,4,0.200,4.64,1,1,Standard,Whistl - Ireland Standard (IOSS),,Airbox 18,API,WCR507:Deodorant Refill: Thunderstorm  [B03]:1;WCR549:Deodorant Refill: Cherry Blossom  [B01]:1;WCR24:Deodorant Refill: Fresh Cotton & Sea Salt  [B05]:1;WCC1905:Deodorant Case: Cath Kidston Bird  [PF]:1;,,29/06/2026 00:00:00
Wild (WLD),9358728,FF5269913,2906980,29/06/2026 16:22:13,,FRANCE,API,,,ONBACKORDER,1,10,0.353,11.60,1,1,Standard,Spring - TRACKED DDU,,Airbox NL,API,WCLR1919:Lip Balm Refill: Vanilla Butterscotch  [D11]:2;WCLC747V2:Lip Balm Case: Bee   [0]:1;WCLRSPF619V2:Lip Balm Refill: Original SPF V2  [0]:2;WMIN549:Mini Deodorant: Cherry Blossom  [A25]:1;WCROA549:Roll On AP: Cherry Blossom  [C08]:1;WCROA24:Roll On AP: Cotton & Seasalt   [C07]:2;WCROC747:Roll On Case: Bee  [PF]:1;,,29/06/2026 00:00:00
Wild (WLD),9358831,FF5270054,2907021,29/06/2026 16:37:38,,FRANCE,API,,,ONBACKORDER,1,2,0.115,2.32,1,1,Standard,Spring - TRACKED DDU,,Airbox NL,API,WCRS30:Sensitive Deodorant Refill: Coconut & Vanilla [C19]:1;WCC3333:Deodorant Case: Miffy  [F10]:1;,,29/06/2026 00:00:00
Wild (WLD),9359099,FF5270178,2907064,29/06/2026 17:07:15,,AUSTRIA,API,,,ONBACKORDER,1,17,1.000,65.35,1,1,Standard,Spring - UNTRACKED DDU,,Airbox NL,API,WCRS1894:Sensitive Deodorant Refill: Cola  [0]:1;WCLR619V2:Original Lip Balm Refill V2  [0]:1;WCLRSPF02V2:Coconut & Vanilla SPF Lip Balm Refill V2  [0]:1;WCLRSPF620V2:Peach & Mango SPF Lip Balm Refill V2  [0]:1;WCRS1754:Sensitive Deodorant Refill: Queen of Heart's Cherry Tarts  [0]:1;WCRS3209:Deodorant Refill: Wild Seduction Sensitive  [A06]:1;WCRS1895:Sensitive Deodorant Refill: Strawberries & Cream  [A11]:1;WCRS216:Sensitive Deodorant Refill: Fresh Cotton & Sea Salt [C18]:1;WCRS550:Sensitive Deodorant Refill: Cherry Blossom  [C01]:1;WCRS30:Sensitive Deodorant Refill: Coconut & Vanilla [C19]:1;WCR507:Deodorant Refill: Thunderstorm  [B03]:2;WCR86:Deodorant Refill: Sandalwood & Patchouli  [B02]:1;WCR524:Deodorant Refill: Ocean Mist  [C17]:2;WCR794:Deodorant Refill: Honey & Cactus Flower  [C14]:1;WCBWR608:Body Wash Refill: Oud & Amber (300ml)  [E21]:1;,,29/06/2026 00:00:00
Wild (WLD),9359226,FF5270298,#5963660,29/06/2026 17:22:17,,UNITED KINGDOM,API,,,ONBACKORDER,1,7,0.683,7.00,1,1,Standard,Evri-Whistl Packet NPOD (0-2KG)-(Client account),,Airbox 18,API,WCLRSPF02V2:Coconut & Vanilla SPF Lip Balm Refill V2  [0]:1;WCSGR1283:Body Wash Refill: Juicy Mango (300/350ml)  [E22]:1;WCBWC2556:Body Wash Case: Chrome  [0]:1;WCR1688:Deodorant Refill: Alice's Secret Garden  [0]:1;WCR3777:Deodorant Refill: Island Paradise  [A19]:1;WCR3776: Enchanted Bloom Deodorant Stick Refill  [A01]:1;WCR3805:Deodorant Refill: Morning Meadow  [C09]:1;,,29/06/2026 00:00:00
Wild (WLD),9359269,FF5270325,#5963669,29/06/2026 17:22:32,,UNITED KINGDOM,API,,,ONBACKORDER,1,3,1.230,14.98,1,1,Standard,Evri-Whistl Packet NPOD (0-2KG)-(Client account),,Airbox 18,API,WCBWR966:Body Wash Refill: Honey & Almond (300ml)  [E11]:1;WCBWR24:Body Wash Refill: Fresh Cotton (300ml)  [E01]:1;WCBWR608:Body Wash Refill: Oud & Amber (300ml)  [E21]:1;,,29/06/2026 00:00:00
Wild (WLD),9359416,FF5270407,#5963724,29/06/2026 17:38:51,,UNITED KINGDOM,API,,,ONBACKORDER,1,5,0.304,18.80,1,1,Standard,Evri-Whistl Packet NPOD (0-2KG)-(Client account),,Airbox 18,API,WCRO966:Roll On Refill: Honey & Cactus Flower  [A30]:2;WCRO24:Roll On Refill: Fresh Cotton & Sea Salt [0]:2;WMIN348:Mini Deodorant: Mint & Aloe Vera  [0]:1;,,29/06/2026 00:00:00
Wild (WLD),9359813,FF5137999,#5926371,29/06/2026 17:53:33,,UNITED KINGDOM,API,,,ONBACKORDER,1,1,0.015,1.00,1,1,Standard,Evri-Whistl Packet NPOD (0-2KG)-(Client account),,Airbox 18,API,WCROL1905:Roll On Roller: Pink  [0]:1;,,14/06/2026 00:00:00
Wild (WLD),9359944,FF5270399,#5963717,29/06/2026 18:04:14,,UNITED KINGDOM,API,,,ONBACKORDER,1,4,1.329,16.97,1,1,Standard,Evri-Whistl Packet NPOD (0-2KG)-(Client account),,Airbox 18,API,WCBWR24:Body Wash Refill: Fresh Cotton (300ml)  [E01]:1;WCBWR966:Body Wash Refill: Honey & Almond (300ml)  [E11]:2;WCBWC864:Body Wash Case: Rose (2.0)  [0]:1;,,29/06/2026 00:00:00
Wild (WLD),9360228,FF5149730,2878520,29/06/2026 18:36:12,,GERMANY,API,,,ONBACKORDER,1,3,0.135,14.50,1,1,Standard,Spring - SMALL / BOXABLE,,Airbox NL,API,WCR1283:Deodorant Refill: Juicy Mango  [C12]:1;WCR1260:Deodorant Refill: Energise  [0]:1;WCR251:Deodorant Refill: Elderflower & Cucumber  [A09] UK:1;,,16/06/2026 00:00:00
Wild (WLD),9360230,FF5220973,2896404,29/06/2026 18:36:13,,GERMANY,API,,,ONBACKORDER,1,2,0.085,2.32,1,1,Standard,Skynet - EParcel,,Airbox NL,API,WCROL747:Roll On Roller: Blue  [0]:1;WCROA3994EU:AP Roll On Refill: L'Orangerie  [0]:1;,,24/06/2026 00:00:00
Wild (WLD),9360231,FF5221983,2896741,29/06/2026 18:36:13,,NETHERLANDS,API,,,ONBACKORDER,1,2,0.030,2.32,1,1,Standard,Skynet - EParcel,,Airbox NL,API,WCROL747:Roll On Roller: Blue  [0]:1;WCROL1905:Roll On Roller: Pink  [0]:1;,,24/06/2026 00:00:00
Wild (WLD),9360232,FF5223648,2897055,29/06/2026 18:36:14,,NETHERLANDS,API,,,ONBACKORDER,1,1,0.015,1.16,1,1,Standard,Skynet - EParcel,,Airbox NL,API,WCROL747:Roll On Roller: Blue  [0]:1;,,24/06/2026 00:00:00
Wild (WLD),9360233,FF5226979,2897675,29/06/2026 18:36:14,,AUSTRIA,API,,,ONBACKORDER,1,1,0.015,1.16,1,1,Standard,Skynet - EParcel,,Airbox NL,API,WCROL747:Roll On Roller: Blue  [0]:1;,,25/06/2026 00:00:00
Wild (WLD),9360420,FF5270876,2907227,29/06/2026 18:50:36,,FRANCE,API,,,ONBACKORDER,1,10,0.435,61.26,1,1,Standard,Spring - TRACKED DDU,,Airbox NL,API,WCR794:Deodorant Refill: Honey & Cactus Flower  [C14]:1;WCRS30:Sensitive Deodorant Refill: Coconut & Vanilla [C19]:1;WCRS550:Sensitive Deodorant Refill: Cherry Blossom  [C01]:1;WCR3776: Enchanted Bloom Deodorant Stick Refill  [A01]:1;WCR3777:Deodorant Refill: Island Paradise  [A19]:1;WCR3994EU:Deodorant Refill: L'Orangerie Secrete / EU ER Garden of England  [0]:1;WCR549:Deodorant Refill: Cherry Blossom  [B01]:1;WCR1103:Deodorant Refill: Vanilla Bean & Buttercream  [0]:1;WCR1260:Deodorant Refill: Energise  [0]:1;WCRS1754:Sensitive Deodorant Refill: Queen of Heart's Cherry Tarts  [0]:1;,,29/06/2026 00:00:00
Wild (WLD),9360837,FF5271111,2907333,29/06/2026 19:34:13,,SWITZERLAND,API,,,ONBACKORDER,1,6,0.315,44.37,1,1,Standard,Whistl - Standard (DDU) - Standard Parcel DDU,,Airbox 18,API,WCR3805:Deodorant Refill: Morning Meadow  [C09]:1;WCR794:Deodorant Refill: Honey & Cactus Flower  [C14]:1;WCR348:Deodorant Refill: Mint & Aloe Vera  [C03]:1;WCR549:Deodorant Refill: Cherry Blossom  [B01]:1;WCC1905:Deodorant Case: Cath Kidston Bird  [PF]:1;WCC3775:Deodorant Case: Disney Mickey  [F07]:1;,,29/06/2026 00:00:00
Wild (WLD),9361694,FF5271561,#5963989,29/06/2026 21:03:31,,FRANCE,API,,,ONBACKORDER,1,7,0.671,37.30,1,1,Standard,Spring - TRACKED DDU,,Airbox NL,API,WCLR1071:Lip Balm Refill: Passionfruit  [A22]:1;WCLC3333:Lip Balm Case: Miffy  [A28]:1;WCLC3333:Lip Balm Case: Miffy  [A28]:1;WCBWR1012:Body Wash Refill: Santorini Sunset (300ml)  [E13]:1;WCBWCP3333:Body Wash Case: Miffy  [E28]:1;WCR3777:Deodorant Refill: Island Paradise  [A19]:1;WCC3333:Deodorant Case: Miffy  [F10]:1;,,29/06/2026 00:00:00
Wild (WLD),9363850,FF5273208,#5964442,30/06/2026 02:17:53,,DENMARK,API,,,ONBACKORDER,1,3,0.130,12.48,1,1,Standard,Spring - SMALL / BOXABLE,,Airbox NL,API,WCRS550:Sensitive Deodorant Refill: Cherry Blossom  [C01]:1;WCR761:Deodorant Refill: Pink Grapefruit & Lime  [C13]:1;WCRS2263:Sensitive Deodorant Refill: Wildflower Bloom  [0]:1;,,30/06/2026 00:00:00
Wild (WLD),9365074,FF5149884,2878687,30/06/2026 04:04:37,,SWEDEN,API,,,ONBACKORDER,1,6,0.270,30.67,1,1,Standard,Spring - SMALL / BOXABLE,,Airbox NL,API,WCR251:Deodorant Refill: Elderflower & Cucumber  [A09] UK:4;WCR251:Deodorant Refill: Elderflower & Cucumber  [A09] UK:2;,,16/06/2026 00:00:00
Wild (WLD),9365096,FF5255392,2903750,30/06/2026 04:32:56,,BELGIUM,API,,,ONBACKORDER,1,9,0.373,40.62,1,1,Standard,Spring - UNTRACKED DDU,,Airbox NL,API,WCR549:Deodorant Refill: Cherry Blossom  [B01]:1;WCLR1919:Lip Balm Refill: Vanilla Butterscotch  [D11]:1;WCLR1245:Lip Balm Refill: Vanilla & Frost  [0]:1;WCROA549:Roll On AP: Cherry Blossom  [C08]:1;WCLR1072:Lip Balm Refill: Watermelon  [D08]:1;WCROA02:Roll On AP: Coconut & Vanilla   [C04]:2;WCRS30:Sensitive Deodorant Refill: Coconut & Vanilla [C19]:1;WCR3805:Deodorant Refill: Morning Meadow  [C09]:1;,,27/06/2026 00:00:00